segment_0001.wav|Đoạn âm thanh mẫu số 1 dùng để huấn luyện mô hình AI VITS|Đoạn âm thanh mẫu số 1 dùng để huấn luyện mô hình AI VITS
segment_0002.wav|Đoạn âm thanh mẫu số 2 dùng để huấn luyện mô hình AI VITS|Đoạn âm thanh mẫu số 2 dùng để huấn luyện mô hình AI VITS
segment_0003.wav|Đoạn âm thanh mẫu số 3 dùng để huấn luyện mô hình AI VITS|Đoạn âm thanh mẫu số 3 dùng để huấn luyện mô hình AI VITS
segment_0004.wav|Đoạn âm thanh mẫu số 4 dùng để huấn luyện mô hình AI VITS|Đoạn âm thanh mẫu số 4 dùng để huấn luyện mô hình AI VITS
segment_0005.wav|Đoạn âm thanh mẫu số 5 dùng để huấn luyện mô hình AI VITS|Đoạn âm thanh mẫu số 5 dùng để huấn luyện mô hình AI VITS
segment_0006.wav|Đoạn âm thanh mẫu số 6 dùng để huấn luyện mô hình AI VITS|Đoạn âm thanh mẫu số 6 dùng để huấn luyện mô hình AI VITS
segment_0007.wav|Đoạn âm thanh mẫu số 7 dùng để huấn luyện mô hình AI VITS|Đoạn âm thanh mẫu số 7 dùng để huấn luyện mô hình AI VITS
segment_0008.wav|Đoạn âm thanh mẫu số 8 dùng để huấn luyện mô hình AI VITS|Đoạn âm thanh mẫu số 8 dùng để huấn luyện mô hình AI VITS
segment_0009.wav|Đoạn âm thanh mẫu số 9 dùng để huấn luyện mô hình AI VITS|Đoạn âm thanh mẫu số 9 dùng để huấn luyện mô hình AI VITS
segment_0010.wav|Đoạn âm thanh mẫu số 10 dùng để huấn luyện mô hình AI VITS|Đoạn âm thanh mẫu số 10 dùng để huấn luyện mô hình AI VITS
segment_0011.wav|Đoạn âm thanh mẫu số 11 dùng để huấn luyện mô hình AI VITS|Đoạn âm thanh mẫu số 11 dùng để huấn luyện mô hình AI VITS
segment_0012.wav|Đoạn âm thanh mẫu số 12 dùng để huấn luyện mô hình AI VITS|Đoạn âm thanh mẫu số 12 dùng để huấn luyện mô hình AI VITS
segment_0013.wav|Đoạn âm thanh mẫu số 13 dùng để huấn luyện mô hình AI VITS|Đoạn âm thanh mẫu số 13 dùng để huấn luyện mô hình AI VITS
segment_0014.wav|Đoạn âm thanh mẫu số 14 dùng để huấn luyện mô hình AI VITS|Đoạn âm thanh mẫu số 14 dùng để huấn luyện mô hình AI VITS
segment_0015.wav|Đoạn âm thanh mẫu số 15 dùng để huấn luyện mô hình AI VITS|Đoạn âm thanh mẫu số 15 dùng để huấn luyện mô hình AI VITS
segment_0016.wav|Đoạn âm thanh mẫu số 16 dùng để huấn luyện mô hình AI VITS|Đoạn âm thanh mẫu số 16 dùng để huấn luyện mô hình AI VITS
segment_0017.wav|Đoạn âm thanh mẫu số 17 dùng để huấn luyện mô hình AI VITS|Đoạn âm thanh mẫu số 17 dùng để huấn luyện mô hình AI VITS
segment_0018.wav|Đoạn âm thanh mẫu số 18 dùng để huấn luyện mô hình AI VITS|Đoạn âm thanh mẫu số 18 dùng để huấn luyện mô hình AI VITS
segment_0019.wav|Đoạn âm thanh mẫu số 19 dùng để huấn luyện mô hình AI VITS|Đoạn âm thanh mẫu số 19 dùng để huấn luyện mô hình AI VITS
segment_0020.wav|Đoạn âm thanh mẫu số 20 dùng để huấn luyện mô hình AI VITS|Đoạn âm thanh mẫu số 20 dùng để huấn luyện mô hình AI VITS
segment_0021.wav|Đoạn âm thanh mẫu số 21 dùng để huấn luyện mô hình AI VITS|Đoạn âm thanh mẫu số 21 dùng để huấn luyện mô hình AI VITS
segment_0022.wav|Đoạn âm thanh mẫu số 22 dùng để huấn luyện mô hình AI VITS|Đoạn âm thanh mẫu số 22 dùng để huấn luyện mô hình AI VITS
segment_0023.wav|Đoạn âm thanh mẫu số 23 dùng để huấn luyện mô hình AI VITS|Đoạn âm thanh mẫu số 23 dùng để huấn luyện mô hình AI VITS
segment_0024.wav|Đoạn âm thanh mẫu số 24 dùng để huấn luyện mô hình AI VITS|Đoạn âm thanh mẫu số 24 dùng để huấn luyện mô hình AI VITS
segment_0025.wav|Đoạn âm thanh mẫu số 25 dùng để huấn luyện mô hình AI VITS|Đoạn âm thanh mẫu số 25 dùng để huấn luyện mô hình AI VITS
segment_0026.wav|Đoạn âm thanh mẫu số 26 dùng để huấn luyện mô hình AI VITS|Đoạn âm thanh mẫu số 26 dùng để huấn luyện mô hình AI VITS
segment_0027.wav|Đoạn âm thanh mẫu số 27 dùng để huấn luyện mô hình AI VITS|Đoạn âm thanh mẫu số 27 dùng để huấn luyện mô hình AI VITS
segment_0028.wav|Đoạn âm thanh mẫu số 28 dùng để huấn luyện mô hình AI VITS|Đoạn âm thanh mẫu số 28 dùng để huấn luyện mô hình AI VITS
segment_0029.wav|Đoạn âm thanh mẫu số 29 dùng để huấn luyện mô hình AI VITS|Đoạn âm thanh mẫu số 29 dùng để huấn luyện mô hình AI VITS
segment_0030.wav|Đoạn âm thanh mẫu số 30 dùng để huấn luyện mô hình AI VITS|Đoạn âm thanh mẫu số 30 dùng để huấn luyện mô hình AI VITS
segment_0031.wav|Đoạn âm thanh mẫu số 31 dùng để huấn luyện mô hình AI VITS|Đoạn âm thanh mẫu số 31 dùng để huấn luyện mô hình AI VITS
segment_0032.wav|Đoạn âm thanh mẫu số 32 dùng để huấn luyện mô hình AI VITS|Đoạn âm thanh mẫu số 32 dùng để huấn luyện mô hình AI VITS
segment_0033.wav|Đoạn âm thanh mẫu số 33 dùng để huấn luyện mô hình AI VITS|Đoạn âm thanh mẫu số 33 dùng để huấn luyện mô hình AI VITS
segment_0034.wav|Đoạn âm thanh mẫu số 34 dùng để huấn luyện mô hình AI VITS|Đoạn âm thanh mẫu số 34 dùng để huấn luyện mô hình AI VITS
segment_0035.wav|Đoạn âm thanh mẫu số 35 dùng để huấn luyện mô hình AI VITS|Đoạn âm thanh mẫu số 35 dùng để huấn luyện mô hình AI VITS
segment_0036.wav|Đoạn âm thanh mẫu số 36 dùng để huấn luyện mô hình AI VITS|Đoạn âm thanh mẫu số 36 dùng để huấn luyện mô hình AI VITS
segment_0037.wav|Đoạn âm thanh mẫu số 37 dùng để huấn luyện mô hình AI VITS|Đoạn âm thanh mẫu số 37 dùng để huấn luyện mô hình AI VITS
segment_0038.wav|Đoạn âm thanh mẫu số 38 dùng để huấn luyện mô hình AI VITS|Đoạn âm thanh mẫu số 38 dùng để huấn luyện mô hình AI VITS
segment_0039.wav|Đoạn âm thanh mẫu số 39 dùng để huấn luyện mô hình AI VITS|Đoạn âm thanh mẫu số 39 dùng để huấn luyện mô hình AI VITS
segment_0040.wav|Đoạn âm thanh mẫu số 40 dùng để huấn luyện mô hình AI VITS|Đoạn âm thanh mẫu số 40 dùng để huấn luyện mô hình AI VITS
segment_0041.wav|Đoạn âm thanh mẫu số 41 dùng để huấn luyện mô hình AI VITS|Đoạn âm thanh mẫu số 41 dùng để huấn luyện mô hình AI VITS
segment_0042.wav|Đoạn âm thanh mẫu số 42 dùng để huấn luyện mô hình AI VITS|Đoạn âm thanh mẫu số 42 dùng để huấn luyện mô hình AI VITS
segment_0043.wav|Đoạn âm thanh mẫu số 43 dùng để huấn luyện mô hình AI VITS|Đoạn âm thanh mẫu số 43 dùng để huấn luyện mô hình AI VITS
segment_0044.wav|Đoạn âm thanh mẫu số 44 dùng để huấn luyện mô hình AI VITS|Đoạn âm thanh mẫu số 44 dùng để huấn luyện mô hình AI VITS
segment_0045.wav|Đoạn âm thanh mẫu số 45 dùng để huấn luyện mô hình AI VITS|Đoạn âm thanh mẫu số 45 dùng để huấn luyện mô hình AI VITS
segment_0046.wav|Đoạn âm thanh mẫu số 46 dùng để huấn luyện mô hình AI VITS|Đoạn âm thanh mẫu số 46 dùng để huấn luyện mô hình AI VITS
segment_0047.wav|Đoạn âm thanh mẫu số 47 dùng để huấn luyện mô hình AI VITS|Đoạn âm thanh mẫu số 47 dùng để huấn luyện mô hình AI VITS
segment_0048.wav|Đoạn âm thanh mẫu số 48 dùng để huấn luyện mô hình AI VITS|Đoạn âm thanh mẫu số 48 dùng để huấn luyện mô hình AI VITS
segment_0049.wav|Đoạn âm thanh mẫu số 49 dùng để huấn luyện mô hình AI VITS|Đoạn âm thanh mẫu số 49 dùng để huấn luyện mô hình AI VITS
segment_0050.wav|Đoạn âm thanh mẫu số 50 dùng để huấn luyện mô hình AI VITS|Đoạn âm thanh mẫu số 50 dùng để huấn luyện mô hình AI VITS
segment_0051.wav|Đoạn âm thanh mẫu số 51 dùng để huấn luyện mô hình AI VITS|Đoạn âm thanh mẫu số 51 dùng để huấn luyện mô hình AI VITS
segment_0052.wav|Đoạn âm thanh mẫu số 52 dùng để huấn luyện mô hình AI VITS|Đoạn âm thanh mẫu số 52 dùng để huấn luyện mô hình AI VITS
segment_0053.wav|Đoạn âm thanh mẫu số 53 dùng để huấn luyện mô hình AI VITS|Đoạn âm thanh mẫu số 53 dùng để huấn luyện mô hình AI VITS
segment_0054.wav|Đoạn âm thanh mẫu số 54 dùng để huấn luyện mô hình AI VITS|Đoạn âm thanh mẫu số 54 dùng để huấn luyện mô hình AI VITS
segment_0055.wav|Đoạn âm thanh mẫu số 55 dùng để huấn luyện mô hình AI VITS|Đoạn âm thanh mẫu số 55 dùng để huấn luyện mô hình AI VITS
segment_0056.wav|Đoạn âm thanh mẫu số 56 dùng để huấn luyện mô hình AI VITS|Đoạn âm thanh mẫu số 56 dùng để huấn luyện mô hình AI VITS
segment_0057.wav|Đoạn âm thanh mẫu số 57 dùng để huấn luyện mô hình AI VITS|Đoạn âm thanh mẫu số 57 dùng để huấn luyện mô hình AI VITS
segment_0058.wav|Đoạn âm thanh mẫu số 58 dùng để huấn luyện mô hình AI VITS|Đoạn âm thanh mẫu số 58 dùng để huấn luyện mô hình AI VITS
segment_0059.wav|Đoạn âm thanh mẫu số 59 dùng để huấn luyện mô hình AI VITS|Đoạn âm thanh mẫu số 59 dùng để huấn luyện mô hình AI VITS
segment_0060.wav|Đoạn âm thanh mẫu số 60 dùng để huấn luyện mô hình AI VITS|Đoạn âm thanh mẫu số 60 dùng để huấn luyện mô hình AI VITS
segment_0061.wav|Đoạn âm thanh mẫu số 61 dùng để huấn luyện mô hình AI VITS|Đoạn âm thanh mẫu số 61 dùng để huấn luyện mô hình AI VITS
segment_0062.wav|Đoạn âm thanh mẫu số 62 dùng để huấn luyện mô hình AI VITS|Đoạn âm thanh mẫu số 62 dùng để huấn luyện mô hình AI VITS
segment_0063.wav|Đoạn âm thanh mẫu số 63 dùng để huấn luyện mô hình AI VITS|Đoạn âm thanh mẫu số 63 dùng để huấn luyện mô hình AI VITS
segment_0064.wav|Đoạn âm thanh mẫu số 64 dùng để huấn luyện mô hình AI VITS|Đoạn âm thanh mẫu số 64 dùng để huấn luyện mô hình AI VITS
segment_0065.wav|Đoạn âm thanh mẫu số 65 dùng để huấn luyện mô hình AI VITS|Đoạn âm thanh mẫu số 65 dùng để huấn luyện mô hình AI VITS
segment_0066.wav|Đoạn âm thanh mẫu số 66 dùng để huấn luyện mô hình AI VITS|Đoạn âm thanh mẫu số 66 dùng để huấn luyện mô hình AI VITS
segment_0067.wav|Đoạn âm thanh mẫu số 67 dùng để huấn luyện mô hình AI VITS|Đoạn âm thanh mẫu số 67 dùng để huấn luyện mô hình AI VITS
segment_0068.wav|Đoạn âm thanh mẫu số 68 dùng để huấn luyện mô hình AI VITS|Đoạn âm thanh mẫu số 68 dùng để huấn luyện mô hình AI VITS
segment_0069.wav|Đoạn âm thanh mẫu số 69 dùng để huấn luyện mô hình AI VITS|Đoạn âm thanh mẫu số 69 dùng để huấn luyện mô hình AI VITS
segment_0070.wav|Đoạn âm thanh mẫu số 70 dùng để huấn luyện mô hình AI VITS|Đoạn âm thanh mẫu số 70 dùng để huấn luyện mô hình AI VITS
segment_0071.wav|Đoạn âm thanh mẫu số 71 dùng để huấn luyện mô hình AI VITS|Đoạn âm thanh mẫu số 71 dùng để huấn luyện mô hình AI VITS
segment_0072.wav|Đoạn âm thanh mẫu số 72 dùng để huấn luyện mô hình AI VITS|Đoạn âm thanh mẫu số 72 dùng để huấn luyện mô hình AI VITS
segment_0073.wav|Đoạn âm thanh mẫu số 73 dùng để huấn luyện mô hình AI VITS|Đoạn âm thanh mẫu số 73 dùng để huấn luyện mô hình AI VITS
segment_0074.wav|Đoạn âm thanh mẫu số 74 dùng để huấn luyện mô hình AI VITS|Đoạn âm thanh mẫu số 74 dùng để huấn luyện mô hình AI VITS
segment_0075.wav|Đoạn âm thanh mẫu số 75 dùng để huấn luyện mô hình AI VITS|Đoạn âm thanh mẫu số 75 dùng để huấn luyện mô hình AI VITS
segment_0076.wav|Đoạn âm thanh mẫu số 76 dùng để huấn luyện mô hình AI VITS|Đoạn âm thanh mẫu số 76 dùng để huấn luyện mô hình AI VITS
segment_0077.wav|Đoạn âm thanh mẫu số 77 dùng để huấn luyện mô hình AI VITS|Đoạn âm thanh mẫu số 77 dùng để huấn luyện mô hình AI VITS
segment_0078.wav|Đoạn âm thanh mẫu số 78 dùng để huấn luyện mô hình AI VITS|Đoạn âm thanh mẫu số 78 dùng để huấn luyện mô hình AI VITS
segment_0079.wav|Đoạn âm thanh mẫu số 79 dùng để huấn luyện mô hình AI VITS|Đoạn âm thanh mẫu số 79 dùng để huấn luyện mô hình AI VITS
segment_0080.wav|Đoạn âm thanh mẫu số 80 dùng để huấn luyện mô hình AI VITS|Đoạn âm thanh mẫu số 80 dùng để huấn luyện mô hình AI VITS
segment_0081.wav|Đoạn âm thanh mẫu số 81 dùng để huấn luyện mô hình AI VITS|Đoạn âm thanh mẫu số 81 dùng để huấn luyện mô hình AI VITS
segment_0082.wav|Đoạn âm thanh mẫu số 82 dùng để huấn luyện mô hình AI VITS|Đoạn âm thanh mẫu số 82 dùng để huấn luyện mô hình AI VITS
segment_0083.wav|Đoạn âm thanh mẫu số 83 dùng để huấn luyện mô hình AI VITS|Đoạn âm thanh mẫu số 83 dùng để huấn luyện mô hình AI VITS
segment_0084.wav|Đoạn âm thanh mẫu số 84 dùng để huấn luyện mô hình AI VITS|Đoạn âm thanh mẫu số 84 dùng để huấn luyện mô hình AI VITS
segment_0085.wav|Đoạn âm thanh mẫu số 85 dùng để huấn luyện mô hình AI VITS|Đoạn âm thanh mẫu số 85 dùng để huấn luyện mô hình AI VITS
segment_0086.wav|Đoạn âm thanh mẫu số 86 dùng để huấn luyện mô hình AI VITS|Đoạn âm thanh mẫu số 86 dùng để huấn luyện mô hình AI VITS
segment_0087.wav|Đoạn âm thanh mẫu số 87 dùng để huấn luyện mô hình AI VITS|Đoạn âm thanh mẫu số 87 dùng để huấn luyện mô hình AI VITS
segment_0088.wav|Đoạn âm thanh mẫu số 88 dùng để huấn luyện mô hình AI VITS|Đoạn âm thanh mẫu số 88 dùng để huấn luyện mô hình AI VITS
segment_0089.wav|Đoạn âm thanh mẫu số 89 dùng để huấn luyện mô hình AI VITS|Đoạn âm thanh mẫu số 89 dùng để huấn luyện mô hình AI VITS
segment_0090.wav|Đoạn âm thanh mẫu số 90 dùng để huấn luyện mô hình AI VITS|Đoạn âm thanh mẫu số 90 dùng để huấn luyện mô hình AI VITS
segment_0091.wav|Đoạn âm thanh mẫu số 91 dùng để huấn luyện mô hình AI VITS|Đoạn âm thanh mẫu số 91 dùng để huấn luyện mô hình AI VITS
segment_0092.wav|Đoạn âm thanh mẫu số 92 dùng để huấn luyện mô hình AI VITS|Đoạn âm thanh mẫu số 92 dùng để huấn luyện mô hình AI VITS
segment_0093.wav|Đoạn âm thanh mẫu số 93 dùng để huấn luyện mô hình AI VITS|Đoạn âm thanh mẫu số 93 dùng để huấn luyện mô hình AI VITS
segment_0094.wav|Đoạn âm thanh mẫu số 94 dùng để huấn luyện mô hình AI VITS|Đoạn âm thanh mẫu số 94 dùng để huấn luyện mô hình AI VITS
segment_0095.wav|Đoạn âm thanh mẫu số 95 dùng để huấn luyện mô hình AI VITS|Đoạn âm thanh mẫu số 95 dùng để huấn luyện mô hình AI VITS
segment_0096.wav|Đoạn âm thanh mẫu số 96 dùng để huấn luyện mô hình AI VITS|Đoạn âm thanh mẫu số 96 dùng để huấn luyện mô hình AI VITS
segment_0097.wav|Đoạn âm thanh mẫu số 97 dùng để huấn luyện mô hình AI VITS|Đoạn âm thanh mẫu số 97 dùng để huấn luyện mô hình AI VITS
segment_0098.wav|Đoạn âm thanh mẫu số 98 dùng để huấn luyện mô hình AI VITS|Đoạn âm thanh mẫu số 98 dùng để huấn luyện mô hình AI VITS
segment_0099.wav|Đoạn âm thanh mẫu số 99 dùng để huấn luyện mô hình AI VITS|Đoạn âm thanh mẫu số 99 dùng để huấn luyện mô hình AI VITS
segment_0100.wav|Đoạn âm thanh mẫu số 100 dùng để huấn luyện mô hình AI VITS|Đoạn âm thanh mẫu số 100 dùng để huấn luyện mô hình AI VITS
segment_0101.wav|Đoạn âm thanh mẫu số 101 dùng để huấn luyện mô hình AI VITS|Đoạn âm thanh mẫu số 101 dùng để huấn luyện mô hình AI VITS
segment_0102.wav|Đoạn âm thanh mẫu số 102 dùng để huấn luyện mô hình AI VITS|Đoạn âm thanh mẫu số 102 dùng để huấn luyện mô hình AI VITS
segment_0103.wav|Đoạn âm thanh mẫu số 103 dùng để huấn luyện mô hình AI VITS|Đoạn âm thanh mẫu số 103 dùng để huấn luyện mô hình AI VITS
segment_0104.wav|Đoạn âm thanh mẫu số 104 dùng để huấn luyện mô hình AI VITS|Đoạn âm thanh mẫu số 104 dùng để huấn luyện mô hình AI VITS
segment_0105.wav|Đoạn âm thanh mẫu số 105 dùng để huấn luyện mô hình AI VITS|Đoạn âm thanh mẫu số 105 dùng để huấn luyện mô hình AI VITS
segment_0106.wav|Đoạn âm thanh mẫu số 106 dùng để huấn luyện mô hình AI VITS|Đoạn âm thanh mẫu số 106 dùng để huấn luyện mô hình AI VITS
segment_0107.wav|Đoạn âm thanh mẫu số 107 dùng để huấn luyện mô hình AI VITS|Đoạn âm thanh mẫu số 107 dùng để huấn luyện mô hình AI VITS
segment_0108.wav|Đoạn âm thanh mẫu số 108 dùng để huấn luyện mô hình AI VITS|Đoạn âm thanh mẫu số 108 dùng để huấn luyện mô hình AI VITS
segment_0109.wav|Đoạn âm thanh mẫu số 109 dùng để huấn luyện mô hình AI VITS|Đoạn âm thanh mẫu số 109 dùng để huấn luyện mô hình AI VITS
segment_0110.wav|Đoạn âm thanh mẫu số 110 dùng để huấn luyện mô hình AI VITS|Đoạn âm thanh mẫu số 110 dùng để huấn luyện mô hình AI VITS
segment_0111.wav|Đoạn âm thanh mẫu số 111 dùng để huấn luyện mô hình AI VITS|Đoạn âm thanh mẫu số 111 dùng để huấn luyện mô hình AI VITS
segment_0112.wav|Đoạn âm thanh mẫu số 112 dùng để huấn luyện mô hình AI VITS|Đoạn âm thanh mẫu số 112 dùng để huấn luyện mô hình AI VITS
segment_0113.wav|Đoạn âm thanh mẫu số 113 dùng để huấn luyện mô hình AI VITS|Đoạn âm thanh mẫu số 113 dùng để huấn luyện mô hình AI VITS
segment_0114.wav|Đoạn âm thanh mẫu số 114 dùng để huấn luyện mô hình AI VITS|Đoạn âm thanh mẫu số 114 dùng để huấn luyện mô hình AI VITS
segment_0115.wav|Đoạn âm thanh mẫu số 115 dùng để huấn luyện mô hình AI VITS|Đoạn âm thanh mẫu số 115 dùng để huấn luyện mô hình AI VITS
segment_0116.wav|Đoạn âm thanh mẫu số 116 dùng để huấn luyện mô hình AI VITS|Đoạn âm thanh mẫu số 116 dùng để huấn luyện mô hình AI VITS
segment_0117.wav|Đoạn âm thanh mẫu số 117 dùng để huấn luyện mô hình AI VITS|Đoạn âm thanh mẫu số 117 dùng để huấn luyện mô hình AI VITS
segment_0118.wav|Đoạn âm thanh mẫu số 118 dùng để huấn luyện mô hình AI VITS|Đoạn âm thanh mẫu số 118 dùng để huấn luyện mô hình AI VITS
segment_0119.wav|Đoạn âm thanh mẫu số 119 dùng để huấn luyện mô hình AI VITS|Đoạn âm thanh mẫu số 119 dùng để huấn luyện mô hình AI VITS
segment_0120.wav|Đoạn âm thanh mẫu số 120 dùng để huấn luyện mô hình AI VITS|Đoạn âm thanh mẫu số 120 dùng để huấn luyện mô hình AI VITS
segment_0121.wav|Đoạn âm thanh mẫu số 121 dùng để huấn luyện mô hình AI VITS|Đoạn âm thanh mẫu số 121 dùng để huấn luyện mô hình AI VITS
segment_0122.wav|Đoạn âm thanh mẫu số 122 dùng để huấn luyện mô hình AI VITS|Đoạn âm thanh mẫu số 122 dùng để huấn luyện mô hình AI VITS
segment_0123.wav|Đoạn âm thanh mẫu số 123 dùng để huấn luyện mô hình AI VITS|Đoạn âm thanh mẫu số 123 dùng để huấn luyện mô hình AI VITS
segment_0124.wav|Đoạn âm thanh mẫu số 124 dùng để huấn luyện mô hình AI VITS|Đoạn âm thanh mẫu số 124 dùng để huấn luyện mô hình AI VITS
segment_0125.wav|Đoạn âm thanh mẫu số 125 dùng để huấn luyện mô hình AI VITS|Đoạn âm thanh mẫu số 125 dùng để huấn luyện mô hình AI VITS
segment_0126.wav|Đoạn âm thanh mẫu số 126 dùng để huấn luyện mô hình AI VITS|Đoạn âm thanh mẫu số 126 dùng để huấn luyện mô hình AI VITS
segment_0127.wav|Đoạn âm thanh mẫu số 127 dùng để huấn luyện mô hình AI VITS|Đoạn âm thanh mẫu số 127 dùng để huấn luyện mô hình AI VITS
segment_0128.wav|Đoạn âm thanh mẫu số 128 dùng để huấn luyện mô hình AI VITS|Đoạn âm thanh mẫu số 128 dùng để huấn luyện mô hình AI VITS
segment_0129.wav|Đoạn âm thanh mẫu số 129 dùng để huấn luyện mô hình AI VITS|Đoạn âm thanh mẫu số 129 dùng để huấn luyện mô hình AI VITS
segment_0130.wav|Đoạn âm thanh mẫu số 130 dùng để huấn luyện mô hình AI VITS|Đoạn âm thanh mẫu số 130 dùng để huấn luyện mô hình AI VITS
segment_0131.wav|Đoạn âm thanh mẫu số 131 dùng để huấn luyện mô hình AI VITS|Đoạn âm thanh mẫu số 131 dùng để huấn luyện mô hình AI VITS
segment_0132.wav|Đoạn âm thanh mẫu số 132 dùng để huấn luyện mô hình AI VITS|Đoạn âm thanh mẫu số 132 dùng để huấn luyện mô hình AI VITS
segment_0133.wav|Đoạn âm thanh mẫu số 133 dùng để huấn luyện mô hình AI VITS|Đoạn âm thanh mẫu số 133 dùng để huấn luyện mô hình AI VITS
segment_0134.wav|Đoạn âm thanh mẫu số 134 dùng để huấn luyện mô hình AI VITS|Đoạn âm thanh mẫu số 134 dùng để huấn luyện mô hình AI VITS
segment_0135.wav|Đoạn âm thanh mẫu số 135 dùng để huấn luyện mô hình AI VITS|Đoạn âm thanh mẫu số 135 dùng để huấn luyện mô hình AI VITS
segment_0136.wav|Đoạn âm thanh mẫu số 136 dùng để huấn luyện mô hình AI VITS|Đoạn âm thanh mẫu số 136 dùng để huấn luyện mô hình AI VITS
segment_0137.wav|Đoạn âm thanh mẫu số 137 dùng để huấn luyện mô hình AI VITS|Đoạn âm thanh mẫu số 137 dùng để huấn luyện mô hình AI VITS
segment_0138.wav|Đoạn âm thanh mẫu số 138 dùng để huấn luyện mô hình AI VITS|Đoạn âm thanh mẫu số 138 dùng để huấn luyện mô hình AI VITS
segment_0139.wav|Đoạn âm thanh mẫu số 139 dùng để huấn luyện mô hình AI VITS|Đoạn âm thanh mẫu số 139 dùng để huấn luyện mô hình AI VITS
segment_0140.wav|Đoạn âm thanh mẫu số 140 dùng để huấn luyện mô hình AI VITS|Đoạn âm thanh mẫu số 140 dùng để huấn luyện mô hình AI VITS
segment_0141.wav|Đoạn âm thanh mẫu số 141 dùng để huấn luyện mô hình AI VITS|Đoạn âm thanh mẫu số 141 dùng để huấn luyện mô hình AI VITS
segment_0142.wav|Đoạn âm thanh mẫu số 142 dùng để huấn luyện mô hình AI VITS|Đoạn âm thanh mẫu số 142 dùng để huấn luyện mô hình AI VITS
segment_0143.wav|Đoạn âm thanh mẫu số 143 dùng để huấn luyện mô hình AI VITS|Đoạn âm thanh mẫu số 143 dùng để huấn luyện mô hình AI VITS
segment_0144.wav|Đoạn âm thanh mẫu số 144 dùng để huấn luyện mô hình AI VITS|Đoạn âm thanh mẫu số 144 dùng để huấn luyện mô hình AI VITS
segment_0145.wav|Đoạn âm thanh mẫu số 145 dùng để huấn luyện mô hình AI VITS|Đoạn âm thanh mẫu số 145 dùng để huấn luyện mô hình AI VITS
segment_0146.wav|Đoạn âm thanh mẫu số 146 dùng để huấn luyện mô hình AI VITS|Đoạn âm thanh mẫu số 146 dùng để huấn luyện mô hình AI VITS
segment_0147.wav|Đoạn âm thanh mẫu số 147 dùng để huấn luyện mô hình AI VITS|Đoạn âm thanh mẫu số 147 dùng để huấn luyện mô hình AI VITS
segment_0148.wav|Đoạn âm thanh mẫu số 148 dùng để huấn luyện mô hình AI VITS|Đoạn âm thanh mẫu số 148 dùng để huấn luyện mô hình AI VITS
segment_0149.wav|Đoạn âm thanh mẫu số 149 dùng để huấn luyện mô hình AI VITS|Đoạn âm thanh mẫu số 149 dùng để huấn luyện mô hình AI VITS
segment_0150.wav|Đoạn âm thanh mẫu số 150 dùng để huấn luyện mô hình AI VITS|Đoạn âm thanh mẫu số 150 dùng để huấn luyện mô hình AI VITS
segment_0151.wav|Đoạn âm thanh mẫu số 151 dùng để huấn luyện mô hình AI VITS|Đoạn âm thanh mẫu số 151 dùng để huấn luyện mô hình AI VITS
segment_0152.wav|Đoạn âm thanh mẫu số 152 dùng để huấn luyện mô hình AI VITS|Đoạn âm thanh mẫu số 152 dùng để huấn luyện mô hình AI VITS
segment_0153.wav|Đoạn âm thanh mẫu số 153 dùng để huấn luyện mô hình AI VITS|Đoạn âm thanh mẫu số 153 dùng để huấn luyện mô hình AI VITS
segment_0154.wav|Đoạn âm thanh mẫu số 154 dùng để huấn luyện mô hình AI VITS|Đoạn âm thanh mẫu số 154 dùng để huấn luyện mô hình AI VITS
segment_0155.wav|Đoạn âm thanh mẫu số 155 dùng để huấn luyện mô hình AI VITS|Đoạn âm thanh mẫu số 155 dùng để huấn luyện mô hình AI VITS
segment_0156.wav|Đoạn âm thanh mẫu số 156 dùng để huấn luyện mô hình AI VITS|Đoạn âm thanh mẫu số 156 dùng để huấn luyện mô hình AI VITS
segment_0157.wav|Đoạn âm thanh mẫu số 157 dùng để huấn luyện mô hình AI VITS|Đoạn âm thanh mẫu số 157 dùng để huấn luyện mô hình AI VITS
segment_0158.wav|Đoạn âm thanh mẫu số 158 dùng để huấn luyện mô hình AI VITS|Đoạn âm thanh mẫu số 158 dùng để huấn luyện mô hình AI VITS
segment_0159.wav|Đoạn âm thanh mẫu số 159 dùng để huấn luyện mô hình AI VITS|Đoạn âm thanh mẫu số 159 dùng để huấn luyện mô hình AI VITS
segment_0160.wav|Đoạn âm thanh mẫu số 160 dùng để huấn luyện mô hình AI VITS|Đoạn âm thanh mẫu số 160 dùng để huấn luyện mô hình AI VITS
segment_0161.wav|Đoạn âm thanh mẫu số 161 dùng để huấn luyện mô hình AI VITS|Đoạn âm thanh mẫu số 161 dùng để huấn luyện mô hình AI VITS
segment_0162.wav|Đoạn âm thanh mẫu số 162 dùng để huấn luyện mô hình AI VITS|Đoạn âm thanh mẫu số 162 dùng để huấn luyện mô hình AI VITS
segment_0163.wav|Đoạn âm thanh mẫu số 163 dùng để huấn luyện mô hình AI VITS|Đoạn âm thanh mẫu số 163 dùng để huấn luyện mô hình AI VITS
segment_0164.wav|Đoạn âm thanh mẫu số 164 dùng để huấn luyện mô hình AI VITS|Đoạn âm thanh mẫu số 164 dùng để huấn luyện mô hình AI VITS
segment_0165.wav|Đoạn âm thanh mẫu số 165 dùng để huấn luyện mô hình AI VITS|Đoạn âm thanh mẫu số 165 dùng để huấn luyện mô hình AI VITS
segment_0166.wav|Đoạn âm thanh mẫu số 166 dùng để huấn luyện mô hình AI VITS|Đoạn âm thanh mẫu số 166 dùng để huấn luyện mô hình AI VITS
segment_0167.wav|Đoạn âm thanh mẫu số 167 dùng để huấn luyện mô hình AI VITS|Đoạn âm thanh mẫu số 167 dùng để huấn luyện mô hình AI VITS
segment_0168.wav|Đoạn âm thanh mẫu số 168 dùng để huấn luyện mô hình AI VITS|Đoạn âm thanh mẫu số 168 dùng để huấn luyện mô hình AI VITS
segment_0169.wav|Đoạn âm thanh mẫu số 169 dùng để huấn luyện mô hình AI VITS|Đoạn âm thanh mẫu số 169 dùng để huấn luyện mô hình AI VITS
segment_0170.wav|Đoạn âm thanh mẫu số 170 dùng để huấn luyện mô hình AI VITS|Đoạn âm thanh mẫu số 170 dùng để huấn luyện mô hình AI VITS
segment_0171.wav|Đoạn âm thanh mẫu số 171 dùng để huấn luyện mô hình AI VITS|Đoạn âm thanh mẫu số 171 dùng để huấn luyện mô hình AI VITS
segment_0172.wav|Đoạn âm thanh mẫu số 172 dùng để huấn luyện mô hình AI VITS|Đoạn âm thanh mẫu số 172 dùng để huấn luyện mô hình AI VITS
segment_0173.wav|Đoạn âm thanh mẫu số 173 dùng để huấn luyện mô hình AI VITS|Đoạn âm thanh mẫu số 173 dùng để huấn luyện mô hình AI VITS
segment_0174.wav|Đoạn âm thanh mẫu số 174 dùng để huấn luyện mô hình AI VITS|Đoạn âm thanh mẫu số 174 dùng để huấn luyện mô hình AI VITS
segment_0175.wav|Đoạn âm thanh mẫu số 175 dùng để huấn luyện mô hình AI VITS|Đoạn âm thanh mẫu số 175 dùng để huấn luyện mô hình AI VITS
segment_0176.wav|Đoạn âm thanh mẫu số 176 dùng để huấn luyện mô hình AI VITS|Đoạn âm thanh mẫu số 176 dùng để huấn luyện mô hình AI VITS
segment_0177.wav|Đoạn âm thanh mẫu số 177 dùng để huấn luyện mô hình AI VITS|Đoạn âm thanh mẫu số 177 dùng để huấn luyện mô hình AI VITS
segment_0178.wav|Đoạn âm thanh mẫu số 178 dùng để huấn luyện mô hình AI VITS|Đoạn âm thanh mẫu số 178 dùng để huấn luyện mô hình AI VITS
segment_0179.wav|Đoạn âm thanh mẫu số 179 dùng để huấn luyện mô hình AI VITS|Đoạn âm thanh mẫu số 179 dùng để huấn luyện mô hình AI VITS
segment_0180.wav|Đoạn âm thanh mẫu số 180 dùng để huấn luyện mô hình AI VITS|Đoạn âm thanh mẫu số 180 dùng để huấn luyện mô hình AI VITS
segment_0181.wav|Đoạn âm thanh mẫu số 181 dùng để huấn luyện mô hình AI VITS|Đoạn âm thanh mẫu số 181 dùng để huấn luyện mô hình AI VITS
segment_0182.wav|Đoạn âm thanh mẫu số 182 dùng để huấn luyện mô hình AI VITS|Đoạn âm thanh mẫu số 182 dùng để huấn luyện mô hình AI VITS
segment_0183.wav|Đoạn âm thanh mẫu số 183 dùng để huấn luyện mô hình AI VITS|Đoạn âm thanh mẫu số 183 dùng để huấn luyện mô hình AI VITS
segment_0184.wav|Đoạn âm thanh mẫu số 184 dùng để huấn luyện mô hình AI VITS|Đoạn âm thanh mẫu số 184 dùng để huấn luyện mô hình AI VITS
segment_0185.wav|Đoạn âm thanh mẫu số 185 dùng để huấn luyện mô hình AI VITS|Đoạn âm thanh mẫu số 185 dùng để huấn luyện mô hình AI VITS
segment_0186.wav|Đoạn âm thanh mẫu số 186 dùng để huấn luyện mô hình AI VITS|Đoạn âm thanh mẫu số 186 dùng để huấn luyện mô hình AI VITS
segment_0187.wav|Đoạn âm thanh mẫu số 187 dùng để huấn luyện mô hình AI VITS|Đoạn âm thanh mẫu số 187 dùng để huấn luyện mô hình AI VITS
segment_0188.wav|Đoạn âm thanh mẫu số 188 dùng để huấn luyện mô hình AI VITS|Đoạn âm thanh mẫu số 188 dùng để huấn luyện mô hình AI VITS
segment_0189.wav|Đoạn âm thanh mẫu số 189 dùng để huấn luyện mô hình AI VITS|Đoạn âm thanh mẫu số 189 dùng để huấn luyện mô hình AI VITS
segment_0190.wav|Đoạn âm thanh mẫu số 190 dùng để huấn luyện mô hình AI VITS|Đoạn âm thanh mẫu số 190 dùng để huấn luyện mô hình AI VITS
segment_0191.wav|Đoạn âm thanh mẫu số 191 dùng để huấn luyện mô hình AI VITS|Đoạn âm thanh mẫu số 191 dùng để huấn luyện mô hình AI VITS
segment_0192.wav|Đoạn âm thanh mẫu số 192 dùng để huấn luyện mô hình AI VITS|Đoạn âm thanh mẫu số 192 dùng để huấn luyện mô hình AI VITS
segment_0193.wav|Đoạn âm thanh mẫu số 193 dùng để huấn luyện mô hình AI VITS|Đoạn âm thanh mẫu số 193 dùng để huấn luyện mô hình AI VITS
segment_0194.wav|Đoạn âm thanh mẫu số 194 dùng để huấn luyện mô hình AI VITS|Đoạn âm thanh mẫu số 194 dùng để huấn luyện mô hình AI VITS
segment_0195.wav|Đoạn âm thanh mẫu số 195 dùng để huấn luyện mô hình AI VITS|Đoạn âm thanh mẫu số 195 dùng để huấn luyện mô hình AI VITS
segment_0196.wav|Đoạn âm thanh mẫu số 196 dùng để huấn luyện mô hình AI VITS|Đoạn âm thanh mẫu số 196 dùng để huấn luyện mô hình AI VITS
segment_0197.wav|Đoạn âm thanh mẫu số 197 dùng để huấn luyện mô hình AI VITS|Đoạn âm thanh mẫu số 197 dùng để huấn luyện mô hình AI VITS
segment_0198.wav|Đoạn âm thanh mẫu số 198 dùng để huấn luyện mô hình AI VITS|Đoạn âm thanh mẫu số 198 dùng để huấn luyện mô hình AI VITS
segment_0199.wav|Đoạn âm thanh mẫu số 199 dùng để huấn luyện mô hình AI VITS|Đoạn âm thanh mẫu số 199 dùng để huấn luyện mô hình AI VITS
segment_0200.wav|Đoạn âm thanh mẫu số 200 dùng để huấn luyện mô hình AI VITS|Đoạn âm thanh mẫu số 200 dùng để huấn luyện mô hình AI VITS
segment_0201.wav|Đoạn âm thanh mẫu số 201 dùng để huấn luyện mô hình AI VITS|Đoạn âm thanh mẫu số 201 dùng để huấn luyện mô hình AI VITS
segment_0202.wav|Đoạn âm thanh mẫu số 202 dùng để huấn luyện mô hình AI VITS|Đoạn âm thanh mẫu số 202 dùng để huấn luyện mô hình AI VITS
segment_0203.wav|Đoạn âm thanh mẫu số 203 dùng để huấn luyện mô hình AI VITS|Đoạn âm thanh mẫu số 203 dùng để huấn luyện mô hình AI VITS
segment_0204.wav|Đoạn âm thanh mẫu số 204 dùng để huấn luyện mô hình AI VITS|Đoạn âm thanh mẫu số 204 dùng để huấn luyện mô hình AI VITS
segment_0205.wav|Đoạn âm thanh mẫu số 205 dùng để huấn luyện mô hình AI VITS|Đoạn âm thanh mẫu số 205 dùng để huấn luyện mô hình AI VITS
segment_0206.wav|Đoạn âm thanh mẫu số 206 dùng để huấn luyện mô hình AI VITS|Đoạn âm thanh mẫu số 206 dùng để huấn luyện mô hình AI VITS
segment_0207.wav|Đoạn âm thanh mẫu số 207 dùng để huấn luyện mô hình AI VITS|Đoạn âm thanh mẫu số 207 dùng để huấn luyện mô hình AI VITS
segment_0208.wav|Đoạn âm thanh mẫu số 208 dùng để huấn luyện mô hình AI VITS|Đoạn âm thanh mẫu số 208 dùng để huấn luyện mô hình AI VITS
segment_0209.wav|Đoạn âm thanh mẫu số 209 dùng để huấn luyện mô hình AI VITS|Đoạn âm thanh mẫu số 209 dùng để huấn luyện mô hình AI VITS